{"cameraMode":{"drawMode":0,"name":"Shaded","section":"Shading Mode"},"sceneLighting":true,"audioPlay":false,"sceneViewState":{"m_AlwaysRefresh":false,"showFog":true,"showSkybox":true,"showFlares":true,"showImageEffects":true,"showParticleSystems":true,"showVisualEffectGraphs":true,"m_FxEnabled":true},"in2DMode":false,"pivot":{"x":-6.917463302612305,"y":15.853361129760743,"z":81.09327697753906},"rotation":{"x":-0.006025406066328287,"y":0.9934279918670654,"z":-0.09597352892160416,"w":-0.06268126517534256},"size":13.608617782592774,"orthographic":false}